{
  "eslint.config.js": 1776075572.0453928,
  "vite.config.ts": 1776075757.8370068,
  "vitest.config.ts": 1776075758.56891,
  "src\\App.tsx": 1776075791.7795227,
  "src\\main.tsx": 1776075572.3151574,
  "src\\vite-env.d.ts": 1776075572.2824044,
  "src\\db\\offlineQueue.ts": 1776077583.2534683,
  "src\\services\\sheets.ts": 1776076675.817037,
  "src\\types\\index.ts": 1776076398.6215558,
  "src\\__tests__\\offlineQueue.test.ts": 1776077593.0382252,
  "src\\__tests__\\sheets.test.ts": 1776076470.0969653,
  "README.md": 1776075572.1591475,
  "public\\vite.svg": 1776075572.237369,
  "public\\icons\\icon-192.png": 1776076302.4679005,
  "public\\icons\\icon-512.png": 1776076302.50448,
  "src\\assets\\react.svg": 1776075572.2054908
}